st_marker_id,lat,lon
13628E,-37.81942581628061,144.9444922572581
4885W,-37.808431709459136,144.95771558584332
C2986,-37.81310163584061,144.9594536270003
13791W,-37.81306915668149,144.94064157729275
2384N,-37.814371236105046,144.96246424218043
7017S,-37.80741315936813,144.95905731480386
C1121,-37.815391570588496,144.96087855962014
C13620,-37.819656465470274,144.94441725706724
13627W,-37.81943323062181,144.94441606132867
7037S,-37.80760481728576,144.95839671900853
C1115,-37.815502433524976,144.9609293737889
C1176,-37.813500526951046,144.96001257640998
C13632,-37.81968176847585,144.9443303532743
13363W,-37.819170503440816,144.94937846771063
1289W,-37.819010051280095,144.95961109054855
2340N,-37.81176665861242,144.97136433841632
7013S,-37.807375029411695,144.9591883857741
C2982,-37.81308470599978,144.9595115887637
13580E,-37.82032363080728,144.94292942776153
C5430,-37.808116589398395,144.9547471729851
13367W,-37.819569347421655,144.94969301151178
1429W,-37.81806101410291,144.95637098954091
1691S,-37.82056868599813,144.95720553148902
12805S,-37.8029643158924,144.967015734487
105W,-37.808015122133654,144.97137504217176
13758E,-37.812301453455355,144.93625097779258
13641W,-37.81996243486995,144.94428899999997
1315W,-37.81707601430344,144.95873044431502
10162E,-37.80459147449536,144.94944763622354
4371W,-37.80972555779269,144.96097885944397
C13704,-37.82001997888074,144.94315996150792
13033S,-37.82057355422345,144.94926060286815
3914N,-37.812049316670716,144.95514235268453
10195W,-37.80366437698866,144.9494201510351
13588E,-37.819614355485015,144.94263124467017
13340E,-37.81651398417677,144.94571963696453
12264N,-37.8095497307304,144.97635119820478
13856N,-37.812489961202786,144.94073859536394
1861S,-37.81929158719024,144.95764692833347
1512E,-37.81961176295848,144.95453321377286
1395W,-37.81978263362615,144.9571621327317
1518E,-37.81946331460024,144.954465310041
2886N,-37.810888737407204,144.96669066831024
12095W,-37.810785476147494,144.9833640931764
11501S,-37.81152512653161,144.9532043905266
48E,-37.812608353657524,144.97373952041553
13416E,-37.81973947127898,144.94791536302006
C7738,-37.80314276449994,144.95043863536836
C6730,-37.809320146281756,144.95718966206488
11521S,-37.811825749221,144.95214162680563
1516E,-37.81951133958624,144.95448727631643
1514E,-37.81956080073379,144.95450989576858
4382E,-37.808914314431966,144.96082023629828
9308N,-37.82916917565996,144.96924263891702
13625W,-37.81934223214657,144.94343102539293
5141W,-37.80300294022752,144.95694670562756
1425W,-37.818159170334646,144.95641556200374
4369W,-37.80977619638415,144.96100269466262
10189W,-37.80382682159421,144.94939150990004
12336N,-37.80987568569655,144.9793561919218
1427W,-37.81811188578098,144.95639408276017
9511S,-37.82845408997369,144.96637871858866
964E,-37.81174234412636,144.9621121581107
13039S,-37.8212220720195,144.94701815700228
769W,-37.81236878042407,144.96777381541787
C232,-37.815552963949536,144.97216936197606
43W,-37.81278759867124,144.97357097677678
10174E,-37.80421438564064,144.94951325623254
7336E,-37.80537810506202,144.94933123203518
10199W,-37.803555205521285,144.94943939362562
11783W,-37.81158915577455,144.97538062583442
86E,-37.80890054066137,144.97203217483056
C244,-37.8154564460866,144.97212506935153
C13592,-37.81952800191678,144.94486454925507
11987W,-37.81411708650632,144.98280290190883
959W,-37.81202079644797,144.9620312039879
2153S,-37.81290289367063,144.9716065110612
5048E,-37.80532072773685,144.95814372075984
10167W,-37.80440418442525,144.9492897972084
11957W,-37.81489175483394,144.98267090852102
2899S,-37.811226600379136,144.96618588515918
12463S,-37.81204342877745,144.97659599901044
12431S,-37.81190422205183,144.97532416666604
1689W,-37.82002879663483,144.9572762958229
7023S,-37.80747387339177,144.95884861877693
11808E,-37.813941933925655,144.97775285237924
8692E,-37.82509971868936,144.96323816038867
13343W,-37.8193114248518,144.9484171399792
13029S,-37.82053720590839,144.94938592006304
13377W,-37.819875892414494,144.9499389425153
13789W,-37.81312191637424,144.9406738118403
2890N,-37.81093248766649,144.9665422714744
7015S,-37.807394597053374,144.95912111952038
11784E,-37.811085566669895,144.97556512143274
2350N,-37.81190346740255,144.97089849405825
6614N,-37.808335785802356,144.95949606481113
8467W,-37.82550737225592,144.96665162367316
7644N,-37.80494833451298,144.94840292530282
12067W,-37.81189537271664,144.98317922713915
255W,-37.815395114548366,144.97197500778816
10169W,-37.80435064498897,144.9492992310059
13238N,-37.819474025696174,144.94473806526696
5325W,-37.8109477435026,144.9559172696074
10159W,-37.80465392902081,144.94924754947715
6592N,-37.80829650117277,144.95963203132126
C2772,-37.81025191778424,144.96918056527682
C220,-37.815621364479,144.97220133737656
10197W,-37.80360963486285,144.94942976511825
12445S,-37.81197519397657,144.97597233656757
9423S,-37.830120586260755,144.96639585150243
13446E,-37.819218167179116,144.948626658588
2857S,-37.81077116342536,144.96776298832154
13342E,-37.815959614273524,144.94547567829656
10011S,-37.823685442934384,144.96915773834183
93W,-37.80878490800283,144.97173126952214
13208N,-37.81863445487608,144.94761234707553
1979S,-37.816648596079546,144.96284896366222
2037S,-37.817871935636475,144.95861779346114
C7746,-37.803122423173434,144.95025738013769
C2944,-37.812659459976594,144.96100915632312
C7038,-37.80747768379283,144.95851036668202
350E,-37.813708960965684,144.97144303945288
9944N,-37.82589267481913,144.96747883549938
9449S,-37.830256910599715,144.96592472494694
1006E,-37.81808989357978,144.96275978693194
797W,-37.81133408286653,144.9672999415161
C108,-37.808849266868094,144.97188619569778
13246N,-37.819650615032266,144.94412266984102
954E,-37.81280358928785,144.96260074246118
354E,-37.81365734952133,144.97141896636253
C9110,-37.79839474564583,144.96467962214246
50E,-37.81255423389624,144.97371443651917
13205S,-37.818699508844816,144.9480692234615
C13660,-37.81992012179301,144.94350332364704
C2760,-37.80999152524813,144.97008170518802
1437W,-37.817675223528795,144.9561932190673
13253S,-37.820139076856925,144.94306994818584
C828,-37.8111871873981,144.96735757463318
1773S,-37.816713050808474,144.9662354050186
C7168,-37.807213873238794,144.95362951820718
1740N,-37.814689127526776,144.97293839485417
12077W,-37.81125227933634,144.98328687910103
2884N,-37.81086765834064,144.96676222197016
1738N,-37.81467179391356,144.97299752687928
4373W,-37.80967442993664,144.9609548476264
4865W,-37.808656195626654,144.95767570409217
8E,-37.81479679380447,144.9747535025
12408N,-37.810771427274034,144.97681376619752
53W,-37.81098466579382,144.97276635860118
10179W,-37.80409428467373,144.94934440011033
4588E,-37.807509083041744,144.9659015100363
C5910,-37.804531208033296,144.95388602794569
C616,-37.80870382213347,144.96901957125945
12455S,-37.812013091109314,144.97631518738513
82E,-37.80895130061696,144.9720555618021
11888E,-37.810381230942795,144.97835064714633
C564,-37.809390705525495,144.96933508464863
65W,-37.810249252186644,144.9724068013721
2690N,-37.809756505682394,144.97054517781712
1858N,-37.81900860184379,144.95826153479936
C818,-37.811306870582015,144.96741221649182
9427S,-37.830141509734695,144.96632354352982
12267S,-37.809695213735374,144.97635254554928
7033S,-37.80756761596528,144.95852459525878
12263S,-37.80968093049599,144.9762207656663
13329W,-37.818919687870896,144.9484019412546
C526,-37.81040612819254,144.969800116436
13576E,-37.82048180324988,144.94300424670655
13578E,-37.82037562853621,144.9429534353111
10330E,-37.80319296435909,144.94399913772605
12326N,-37.80981909203891,144.97882786858963
C2998,-37.81314433314145,144.95930670423226
12438N,-37.81183232447522,144.97570556879316
45W,-37.81273971975593,144.97354924186772
C300,-37.81475903372308,144.97180056446874
5259W,-37.80482892995789,144.95725410049556
11868E,-37.81094995165184,144.97825530659912
7588N,-37.80557195843196,144.9540493844294
5131W,-37.80315971154759,144.95702080097868
8352E,-37.82413044871484,144.96857090890154
13850N,-37.812569633200155,144.94052979026515
13846N,-37.812627098892406,144.94037949685685
39W,-37.8138762842676,144.9741067388335
12338N,-37.80988360867599,144.97942818232045
C670,-37.81440744587311,144.96883413715778
13870N,-37.81399875590743,144.94169744220966
C806,-37.81137803962183,144.96744465926926
13876N,-37.81392422823941,144.9418946761243
12465S,-37.812064414457076,144.97678342074843
C700,-37.814168460607185,144.96872667926354
9974N,-37.826031956467325,144.9670009816009
5130E,-37.80314504317407,144.95713937245526
13303W,-37.8206795643909,144.94724755782056
694E,-37.814047416019505,144.96879507487446
13201S,-37.81866469550648,144.94818931777453
5590E,-37.80608720048431,144.95394457027356
13458E,-37.819938434493096,144.94865454885775
7670N,-37.80379541566404,144.95711263386738
1812E,-37.818624853296214,144.9609048801169
2357S,-37.81226560117923,144.97021696806928
1895S,-37.81395416011388,144.97205986796058
5349W,-37.81024100004974,144.95559305978998
5246E,-37.80510084909001,144.95733287695558
916E,-37.81669895924068,144.96438558277046
13341W,-37.81925513693189,144.9484150365081
1205W,-37.81263516737597,144.95949188923854
13428E,-37.819999358638704,144.94819170152437
9884N,-37.82544914937749,144.96897986216487
20E,-37.81447461364032,144.97460422199842
8812E,-37.822795506928365,144.96678512086712
12394N,-37.810718579554994,144.97632719272056
12260N,-37.80953633054144,144.97622742801062
C1208,-37.81255668246071,144.95958114405022
C2864,-37.81066598933143,144.96776595758183
C2970,-37.812830400508965,144.96042114890923
C13676,-37.819952373386066,144.94339242254446
12471S,-37.812095858047925,144.97707459631326
12441S,-37.81194402378289,144.97568499510572
1789S,-37.81739263117936,144.96389994005722
3426N,-37.81042267667049,144.96470249305113
8891W,-37.82483151243676,144.96125272000862
1316E,-37.81697864362968,144.9589223781182
12017W,-37.81323985591021,144.98295410682363
1975S,-37.81661140618488,144.96297711319318
10005S,-37.82363234729855,144.96934396927833
12483S,-37.812140974914605,144.97748766744454
12477S,-37.812118245190256,144.97727994274808
8328E,-37.82481794554156,144.96836592802384
12381S,-37.81090674831546,144.97635418001983
12276N,-37.809657651388775,144.97735525082882
12384N,-37.81068356955564,144.9760056460139
6584N,-37.80825984138091,144.9597589397056
C1036,-37.81819258186594,144.96216597636914
8316E,-37.82513891855931,144.96826894263143
C2836,-37.810531749451776,144.96822558277887
C312,-37.814668168512796,144.97175878334932
13030N,-37.82120416535764,144.94404860647222
8469W,-37.8254563707936,144.96666833842218
3406N,-37.81014835873373,144.96564175102992
5292E,-37.804434602338674,144.95746132566774
C2774,-37.8102605784755,144.969150932932
5560E,-37.806440196389325,144.95410563214284
C160,-37.80832264882825,144.97164441455774
C13656,-37.81980390769762,144.94391087227396
3761S,-37.810060451283725,144.96247838008597
951W,-37.81305337978721,144.96250770939437
C2644,-37.809577381210154,144.9714964048274
13654E,-37.82030901142584,144.94548647784598
1982N,-37.816615095724465,144.96239809594528
12467S,-37.81207203309084,144.97685324023576
427W,-37.81274444185388,144.97074694702602
11742E,-37.810315603298285,144.97565625972442
5267W,-37.80460801932074,144.95729634254496
12450N,-37.81192570588628,144.97656464025127
11740E,-37.81034820909122,144.97565092653258
11600N,-37.81053558817333,144.9519077120338
C7728,-37.803184192208334,144.95081336012015
13717W,-37.815765795359376,144.93801153931497
5400E,-37.80278961855539,144.95670403805002
12387S,-37.81093348816137,144.9765959468366
13705W,-37.81964303424855,144.94586756334982
12487S,-37.81215577393053,144.9776229495011
12081W,-37.81114847526887,144.98330407351483
1175W,-37.81356745048343,144.95991378250756
2551S,-37.81382556863488,144.9608583998361
13262N,-37.819949557664174,144.94309573752602
13646E,-37.82059761898381,144.9455604201639
1431W,-37.8180143762996,144.95634996048062
C5962,-37.80382766599281,144.95401122200408
12437S,-37.81192834279011,144.9755427996227
13371W,-37.81970875327762,144.9498029202517
10046N,-37.823062858213724,144.9656887185453
968E,-37.81168094321042,144.96208378814586
C1118,-37.814614956917545,144.9605224815833
C1134,-37.814400894214025,144.96042410149624
C1150,-37.81384622161008,144.96016937237133
C4834,-37.81054581368727,144.95866763293233
C1148,-37.81419054696461,144.96032713645818
12075W,-37.81131002617903,144.98327727509536
11806E,-37.81399372674052,144.97774422227803
C268,-37.815266400402436,144.97203728531213
8297W,-37.82614026819051,144.96784252248338
C264,-37.81528916213118,144.97204782944476
9515S,-37.82844186281385,144.96631405376309
2E,-37.81494560936667,144.9748224536331
13456E,-37.81948832930551,144.94863704898458
11764E,-37.809957840308044,144.9757155010556
C2852,-37.81058233406153,144.9680525763719
C336,-37.814418376320546,144.97164246205455
6221W,-37.80611291596158,144.95089657784985
12406N,-37.81076240555533,144.97673109516006
1900N,-37.81379595725864,144.97204452247968
13424E,-37.81991272957934,144.94809973740968
4003W,-37.807822813088414,144.96010770734512
13842N,-37.81268417714616,144.94022960275828
11756E,-37.81008794662614,144.9756939864372
9982N,-37.82606224378439,144.96689826739038
7121S,-37.808314705423946,144.95328919451828
11866E,-37.811063743022025,144.97823575491574
11804E,-37.81404552323685,144.97773552912304
13765W,-37.81246804583423,144.93864983291132
6517S,-37.80771287860462,144.9623268755939
7335W,-37.80545402506528,144.94923493373912
7325W,-37.80563667842449,144.94924192693372
7622N,-37.80498451090077,144.9487256136694
8471W,-37.82540532803349,144.96668318110062
C5864,-37.80523878292829,144.95375936377002
8648E,-37.82555701388723,144.96269083663972
5158E,-37.8027033083821,144.95693412827313
C146,-37.80861319837623,144.9717777829774
C304,-37.81473778811464,144.97179072888574
773W,-37.812268421291854,144.96772844786466
791W,-37.811494435949896,144.96737383811364
C628,-37.80859358545933,144.96896885535563
6525S,-37.80784257271553,144.96188044814198
12481S,-37.81213380690652,144.97742213666015
63W,-37.81072915824935,144.97265704858484
C276,-37.81522059173017,144.9720163010626
13784E,-37.81267329899031,144.938893626938
13402E,-37.8191396082871,144.94727703853468
13621W,-37.81944630805836,144.94347877311682
3420N,-37.81036492945085,144.9649020084176
2561S,-37.81410437284021,144.9599280225404
55W,-37.810933476838066,144.9727444644079
5988N,-37.809687536092035,144.95913984200095
6029S,-37.81047734237971,144.95684628413022
812E,-37.81129716567956,144.967533265108
C2780,-37.81028644377788,144.96906243031785
12321S,-37.80996729003229,144.97885293698462
12059W,-37.812102074876826,144.98314484271316
C5426,-37.808140693056366,144.95475819604104
C548,-37.80957987787612,144.9694220629037
8883W,-37.824982808080016,144.9610747837695
979W,-37.81855685239457,144.96220699260041
12307S,-37.80984609917802,144.97774181426442
13241S,-37.82004168040872,144.943404466561
8336E,-37.82460193528925,144.96843113638516
C810,-37.81135346943457,144.96743345892838
C9122,-37.79840475600588,144.96477329313018
13774E,-37.81335866708881,144.93930852992094
C9048,-37.80291135212424,144.96738370054402
13373W,-37.819756112152746,144.94984025917256
13420E,-37.819826100923,144.94800755067544
12273S,-37.809716470230185,144.9765487760604
5050E,-37.80528745757218,144.9581284479058
13808N,-37.81422996696687,144.93883268764188
11931W,-37.81556242402919,144.98255677749978
816E,-37.811246410797146,144.96750981366458
12435S,-37.81191989668511,144.97546605003132
12019W,-37.81318854699399,144.98296287078722
C2790,-37.810329535851075,144.96891681665525
C4878,-37.808434180529815,144.95782634380913
C9060,-37.80292514647069,144.96750917865546
10009W,-37.8045890788931,144.9477275879944
13770E,-37.813509381924426,144.939399851227
C9174,-37.7984588240208,144.9652711869613
10177W,-37.804148877137436,144.9493349031893
1810E,-37.81867482920872,144.9609274641939
12469S,-37.812079346392544,144.97691974555838
11716E,-37.81013912649336,144.9729526213174
13642E,-37.82010084378015,144.94445167844503
4559W,-37.808672063093056,144.96608250191568
3830N,-37.810741054900696,144.9596786504364
12479S,-37.812126297815965,144.97735350944217
6225W,-37.80607035366502,144.95087711825312
13760E,-37.81226299584999,144.93622680144077
83W,-37.809037523066756,144.97184785370482
12042E,-37.81254118543957,144.98330593647106
5123W,-37.803363543058055,144.95711639661002
13322E,-37.81819067770749,144.94645995311902
13356E,-37.8219871231984,144.94778415125091
10003S,-37.823615195660295,144.96940349360915
13656E,-37.819972188320335,144.94539787913808
C1126,-37.814521829245855,144.9604796397407
C1032,-37.818214171920154,144.96217590279082
C13716,-37.82005535339052,144.94303831911287
C348,-37.814342864848044,144.97160781773204
12271S,-37.809709434560425,144.9764835849542
13043S,-37.821263419985186,144.94687494394026
11879W,-37.811235446098244,144.97796886555514
13035S,-37.82118079247428,144.94716143578898
8897W,-37.82450433070958,144.96163789794952
3433S,-37.81078860313149,144.96364732449337
13675W,-37.821023210880476,144.9462295364608
C13504,-37.819227968886416,144.9459026016976
1232E,-37.81218175067056,144.95953740453774
5146E,-37.80290517643047,144.95702786120538
2359S,-37.81228372931221,144.97015277496706
5256E,-37.804932808147534,144.95736604335298
C13692,-37.819995789912134,144.9432431373281
914E,-37.81675308778094,144.96441038238697
C192,-37.80811491719578,144.9715482910145
C9056,-37.802921762392366,144.96747839029825
C790,-37.811570571089455,144.96753234404272
C9158,-37.798441074782076,144.96510894917088
12398N,-37.810732652757935,144.9764568695379
13470E,-37.81868029068985,144.9497962450887
11539S,-37.81195046484704,144.95169985677333
5117W,-37.803644928114636,144.95724714706802
2682N,-37.809717089963456,144.97067886234078
13645W,-37.82055326930533,144.94545400068566
2344N,-37.81182606166181,144.9711620883174
11881W,-37.81118103201753,144.97797804080975
13365W,-37.819219013704576,144.94941671373738
334E,-37.81438811875528,144.97175577002062
13334E,-37.81668191268675,144.9457937923421
C248,-37.815433569018154,144.97211462299592
775W,-37.812217542615215,144.96770542370388
11812E,-37.813838329071395,144.97777011403244
9230N,-37.83129988840992,144.9662656667809
C13572,-37.81947538857838,144.94504612163064
11785W,-37.81153067222423,144.97538980912995
13711W,-37.81556557417047,144.9368650485306
C2744,-37.809950717655305,144.97022112518758
C1174,-37.81352251237378,144.96002258658945
10194E,-37.80368581491156,144.94960640827674
425W,-37.81279514213834,144.97077058612498
12360N,-37.810234441770156,144.98259797710762
11722E,-37.80997391778215,144.97297311104433
C13720,-37.820063418455405,144.94301059305812
11810E,-37.813890136443646,144.9777614825774
13670E,-37.8209831564256,144.9454158470241
12268N,-37.809628446101534,144.9770851872198
2855S,-37.81075192758728,144.96782788227944
8346E,-37.82433485577197,144.9685114611339
6669S,-37.80888302289152,144.95828361591987
3959S,-37.81274497508679,144.95317461334346
6623S,-37.80850096072153,144.9596111200309
7039S,-37.80762337918691,144.9583329133774
C13708,-37.82003923050601,144.94309376899662
7129S,-37.808402507550994,144.95298472785083
8999W,-37.82446585801464,144.96168324233082
2338N,-37.8117490493211,144.97142370824756
13301S,-37.82234164036471,144.946869916901
3424N,-37.81040230063579,144.96477289724527
C340,-37.81439207107357,144.97163043963758
9222N,-37.831257558182735,144.9664099517392
7577S,-37.805829184957396,144.95468553992856
85W,-37.80898703312339,144.9718244329853
8871W,-37.82543122206522,144.96054694628188
771W,-37.812319305476436,144.9677514222591
13751W,-37.813391987573,144.93920945553288
11873W,-37.81139863034911,144.97794133107868
1908N,-37.814445364096365,144.96984329198955
962E,-37.811799006985545,144.96213854762328
13629W,-37.82039383410654,144.94448538974817
C8006,-37.81044479108055,144.95257164195573
C9202,-37.79848480646728,144.9655168513199
13853S,-37.814113717132095,144.94156827650258
13709W,-37.81564017194576,144.93691008096908
2363S,-37.8123199850101,144.97002438753725
11527S,-37.81187876420585,144.9519544585611
686E,-37.81414395110353,144.96883930604304
9441S,-37.830214934486335,144.96606979307296
9294N,-37.82908477361024,144.96953427744694
9296N,-37.82908914685032,144.96950626699916
C404,-37.8129631780847,144.97097425005776
1265W,-37.81896383559968,144.96080997341787
12280N,-37.80967216186389,144.97749029876567
1863S,-37.81931040251153,144.95758243964036
C6796,-37.80934092124608,144.95673825711563
11515S,-37.81177122240428,144.95233414025918
8342E,-37.82444458355711,144.96847830746682
13207S,-37.81874163684199,144.94792384000175
C2792,-37.81033815217111,144.96888723233081
13412E,-37.81936057119435,144.94751203992217
C2912,-37.812384392160396,144.96195048875254
C9102,-37.79838809150849,144.96461950098268
13474E,-37.818794804727396,144.94988619155254
7666N,-37.80386479655629,144.9577258460825
13426E,-37.819956043892226,144.94814583143113
9341S,-37.829578755096065,144.96826719814908
C5434,-37.80809212219789,144.95473598666138
13802N,-37.8138150971986,144.94007283403153
11894E,-37.81022932992511,144.97837617361188
5104E,-37.804335100882575,144.95769222970844
C252,-37.815410695728495,144.9721041914934
13782E,-37.81278165170125,144.93895932366368
13309W,-37.82043074527868,144.9471793767478
13219S,-37.81889609586187,144.9473860206711
12396N,-37.81072558618789,144.97639176158225
2129S,-37.81248834158698,144.97302521888744
12330N,-37.80983351560217,144.9789629624881
C8066,-37.810765908436046,144.95142747149026
C13684,-37.81997970286915,144.94329845538348
C13568,-37.81946622144212,144.94507795462786
5052E,-37.805265514029216,144.9581179516899
C272,-37.81524344883161,144.97202679261656
5990N,-37.80970558494704,144.9590774502592
10185W,-37.803932779609106,144.94937283926814
4827W,-37.81074420400237,144.95863565013047
4825W,-37.81079500744698,144.95865891936882
C1132,-37.814425437360775,144.96043539605145
C1142,-37.81428287071085,144.96036959632758
961W,-37.81196495577785,144.9620053885929
C1252,-37.81184242596469,144.9592572232143
12331S,-37.81000436632493,144.97918843064932
C1260,-37.81172465319485,144.9592033595261
C1256,-37.81176975607898,144.95922397242657
C4830,-37.81058958580322,144.95868802563666
12071W,-37.81177509988307,144.98319907909647
C1274,-37.81160478799893,144.9591486176341
1211W,-37.81247081755339,144.9594171334325
13361W,-37.81908992478574,144.94931493665388
4835W,-37.81054274045034,144.95854346506118
12089W,-37.81094090381197,144.98333865476195
13213S,-37.81879341752406,144.94774482362112
12021W,-37.81313665112863,144.98297190494503
13215S,-37.81881017217697,144.94768727116698
C1168,-37.813612224214225,144.96006313613353
6024N,-37.81038670253007,144.95669182016218
C1206,-37.81257998170153,144.95959176751637
C1210,-37.81250888858073,144.95955935190364
C1154,-37.81380091705522,144.96014880987124
C1156,-37.81377717414311,144.96013806255155
C1216,-37.81243891726773,144.95952744729686
908E,-37.816913891659134,144.96448428294315
C1222,-37.8123432545454,144.9594838294199
C2740,-37.80994345652961,144.97024619511097
C1218,-37.812416814759146,144.95951736968289
13332E,-37.816737889952776,144.94581850953125
C636,-37.808542803981325,144.96894549301962
9888N,-37.82546527938132,144.96892484498784
5138E,-37.80299676769111,144.95707038938
13745W,-37.813540173342474,144.9392991427561
1213W,-37.81242158994876,144.9593950029535
13369W,-37.819614033693405,144.94972824253819
2846N,-37.81048228886637,144.96807314655052
5188E,-37.81105803441656,144.95744272881174
11703W,-37.81015219820939,144.9727113691276
5182E,-37.811155371438495,144.95748749099874
6039S,-37.81060096844842,144.95642622459144
C2962,-37.8127954505204,144.96054155434524
C1238,-37.812202190059296,144.95941951016198
1552E,-37.81225820585685,144.95114085378754
C2940,-37.812640115587314,144.961075738894
13775W,-37.81206710106368,144.93840772601328
C1224,-37.812319955746354,144.95947320601914
13860N,-37.81243091538448,144.94089422868896
C1140,-37.81430566607629,144.9603801373558
C1162,-37.813683470397,144.96009546501756
C2958,-37.81276861128343,144.96063455316704
5276E,-37.80461232143061,144.95742742122872
13269S,-37.81959089784034,144.94917144120618
C1214,-37.812461443505256,144.95953771885178
2553S,-37.813861602703135,144.9607337370378
13868N,-37.81402453733948,144.94162947523438
C1190,-37.81337904315351,144.95995765570768
C1246,-37.812154520306905,144.95939775823533
C1160,-37.81370571562784,144.96010554578444
12269S,-37.80970230785536,144.9764181417802
C1144,-37.81426002039709,144.96035910621288
8631W,-37.825760577955016,144.96225450005426
5058E,-37.80516415538277,144.958071845866
C822,-37.8112575098866,144.96738963162676
9834N,-37.82509602896108,144.97018973803742
8893W,-37.824793384099934,144.96129747483866
9968N,-37.8259813825744,144.9671744276539
13346E,-37.81584632484113,144.94542564466076
13375W,-37.819814166050726,144.949885833992
7146N,-37.80845438331892,144.95239578991172
5261W,-37.80477370252663,144.9572646610281
11752E,-37.8101529993364,144.9756832293735
13211S,-37.81877643406992,144.9478037574722
5078E,-37.804851403825936,144.95792778815903
13216N,-37.81870904511953,144.94735470332984
779W,-37.812166662691226,144.96768232456384
9451S,-37.83026756056421,144.96588792030695
C552,-37.80950116178367,144.96938587111197
C13552,-37.81935188276865,144.94547304889073
1734N,-37.814634327465065,144.9731253412993
12375S,-37.8101592574709,144.9805966057701
9457S,-37.830298119492134,144.96578230858955
12404N,-37.81075417518851,144.9766552194074
2348N,-37.81186443337508,144.97103114566687
2339S,-37.811904913868496,144.97144518199067
D9W,-37.809138440231855,144.9718944576597
C408,-37.81293690757107,144.97096230560578
11993W,-37.813962168570015,144.98282930629958
2862N,-37.81057122742015,144.96777043842528
330E,-37.814438860550865,144.97177926652813
5460E,-37.80747620502019,144.95457845786277
9980N,-37.82605433805951,144.96692366307826
7035S,-37.80758625533919,144.95846052404136
6665S,-37.8088396755047,144.95843901579036
10116E,-37.803361894255374,144.94817847650575
11786E,-37.811027950623796,144.97557498790297
9826N,-37.82506352743852,144.9703014030031
3868N,-37.81131729387185,144.95769477004592
11901W,-37.81016197421118,144.97814624541869
C2796,-37.8103553865409,144.9688283133164
13031S,-37.820555770415375,144.94932190203687
13223S,-37.81893005780779,144.94726743053184
C1258,-37.81174752234433,144.95921381057883
C1166,-37.81363641089597,144.96007415293738
C6750,-37.80927916018091,144.95682590542253
13251S,-37.82011525242285,144.9431517749976
1896N,-37.813758719020036,144.97217176465608
13330E,-37.81679386767447,144.94584322676857
C572,-37.80933865127291,144.9693111507044
13228N,-37.819370475504364,144.94509544088544
5084E,-37.80468237388431,144.95784863450982
6231W,-37.80598364258395,144.95083812202822
909W,-37.81691518843145,144.96427959363282
7784N,-37.80243112433208,144.94482481471815
11766E,-37.80992531283371,144.9757208795518
C6860,-37.80945053004468,144.9557738374161
C7752,-37.803111861687725,144.9501632705215
12279S,-37.80973762662149,144.97674397520422
1157W,-37.813777504553435,144.96001017219652
13337W,-37.81914482119926,144.9484106244932
13221S,-37.81891315906479,144.94732672561452
12270N,-37.809635839965736,144.97715270365185
13254N,-37.81987512933999,144.94335166164956
2563S,-37.81412238982544,144.95986619181224
13634E,-37.818981740877454,144.94429122553967
789W,-37.811548168895655,144.96739859882697
C13500,-37.81921925563199,144.9459328911147
C280,-37.81519773335503,144.9720058032083
12334N,-37.809867885951036,144.97928533688562
11883W,-37.81075572471632,144.97804816110482
13761W,-37.81256867287181,144.93871113748125
13486E,-37.81960518932283,144.95052582939485
10186E,-37.80389685139612,144.94956921982623
11531S,-37.811967757887714,144.95163890435862
1973S,-37.816592893156646,144.96304075387678
13399W,-37.82131491420589,144.95106735815125
1849S,-37.81883675870308,144.95921411832094
5094E,-37.80445522391068,144.95774694686025
673W,-37.814412851188116,144.9687143950839
13632E,-37.81903333096145,144.9443150574713
1662N,-37.818577427049476,144.9632571583603
C9162,-37.79844487875489,144.9651427506739
13800N,-37.813790116225135,144.940138286151
13685W,-37.820451098685886,144.94607848013453
13786E,-37.812615988462,144.93885909853066
13790E,-37.81250226856727,144.93879045292542
13303S,-37.82233066659623,144.9467861424736
690E,-37.814095683783655,144.96881719043878
13240N,-37.819595209763825,144.9443123803994
5290E,-37.80445739912194,144.95745700806316
13452E,-37.81938026605799,144.94863278899876
2845S,-37.81065640755436,144.9681508853617
2853S,-37.810732691242414,144.9678928277387
2374N,-37.81219377555821,144.96990782851083
14008E,-37.79852922540261,144.95791370508155
4101W,-37.80787293096125,144.96013073665313
3940N,-37.812285496819186,144.95430806340084
11871W,-37.811453038597854,144.9779321559351
C13536,-37.819307710652055,144.94562616376516
C13600,-37.81954632976269,144.94480099139082
13478E,-37.81938413996068,144.95035034266868
8632E,-37.82571178150797,144.96250604160508
7741S,-37.80323523134001,144.95041057562347
6259S,-37.80772157855815,144.96626523007518
13462E,-37.82005375632825,144.94865885967275
11939W,-37.815355587590616,144.98259200191146
13310N,-37.82225468228985,144.94684850030288
13643W,-37.82061380616932,144.94546998172984
13819S,-37.815134496633455,144.93712763185258
11518N,-37.81181041473464,144.95177886825996
8889W,-37.82486981825517,144.9612076794827
13630E,-37.8190849214816,144.94433890294243
8651W,-37.82556051598317,144.96248921246038
11933W,-37.81551182316422,144.98256534924485
3327S,-37.808838297578134,144.97030630138187
C2664,-37.80966733550447,144.9711889264807
C5424,-37.808164667772544,144.95476898673755
4841W,-37.810435088166564,144.95849376316846
11961W,-37.814788281680734,144.98268847750592
11502N,-37.811543389853135,144.9527237436592
13034N,-37.82117319038632,144.94391931390288
13210N,-37.81865328479379,144.94754764102797
C13672,-37.819944311871296,144.94342014850724
5149W,-37.80280546182864,144.95685528863962
2565S,-37.814240261289314,144.95946211686638
C13524,-37.81928017725922,144.9457215332914
C6822,-37.80950645408079,144.9556160095626
8713W,-37.824766985537394,144.96339236898027
C9130,-37.79841124372694,144.96483415326622
C1122,-37.81457006933502,144.96050183932257
C488,-37.810757881309094,144.96996162904333
C13520,-37.81926491052581,144.94577454484752
C786,-37.811619639585054,144.96755496945224
46E,-37.81266035946352,144.97376362674441
C13512,-37.81924644098103,144.94583855494298
C7028,-37.80742552845439,144.95868946068268
13671W,-37.820997880991094,144.94532421874825
11744E,-37.810283032684495,144.97566159235555
C5450,-37.80754350767742,144.95448039110647
13338E,-37.81656995849221,144.94574435862592
13652E,-37.820375133131975,144.94550372631295
11943W,-37.81525340642785,144.98260945099182
14000E,-37.79875733108357,144.95788770039914
5578E,-37.80623687713685,144.95401288676868
6265S,-37.80775320631275,144.9661576425634
C8062,-37.8107265569101,144.95156796181791
10191W,-37.80377542661585,144.94940056369146
13448E,-37.819272198704795,144.94862868084078
4907W,-37.80816190793434,144.9577631652279
7098N,-37.80895014004577,144.95313144220654
2376N,-37.812214827862256,144.9698362138891
13701W,-37.81975103837492,144.94589560870062
13466E,-37.82016452130774,144.9486632203689
6531S,-37.807861269155076,144.96181583077882
C7748,-37.803118931583,144.95022626614318
4869W,-37.80860830885492,144.95768416755797
7096N,-37.80893103506304,144.9531981100168
13866N,-37.81405078242651,144.9415608195564
5280E,-37.804567730156506,144.95743592335526
4860E,-37.80947357698816,144.95830209015043
C5922,-37.804322468655904,144.9539231482384
1192E,-37.81331958123158,144.96005673276986
13307W,-37.82052059935896,144.94720592383425
5386E,-37.80553776921345,144.9562150278937
4867W,-37.808631692974316,144.95768003503656
13810N,-37.814252621602655,144.93876275375987
1977S,-37.81662994246625,144.96291312514631
13663W,-37.82122289986236,144.94538264029478
2849S,-37.81069421799198,144.96802266201686
10015S,-37.82372251443181,144.96902981265146
C676,-37.81433785003691,144.96880285791764
C2712,-37.80983613275804,144.97061254243934
C5688,-37.8062945984034,144.95507532753643
C1230,-37.812274066146685,144.95945235663586
7331W,-37.805528450385,144.94922460592483
2336N,-37.8117310378866,144.97148422841045
2137S,-37.812734195494436,144.97218434963315
12358N,-37.81022689331353,144.98253048787853
11979W,-37.81432259979353,144.9827679803555
8649W,-37.825580522305216,144.9624657415239
C6832,-37.80934732253807,144.9556472770944
C4888,-37.808273320935626,144.957854167813
C412,-37.81291066385353,144.97095036435846
12091W,-37.8108892125202,144.9833470257894
10184E,-37.803948891822756,144.949560046036
13326E,-37.816905822643754,144.94589266078236
2510N,-37.81088261236893,144.97075236531177
12366N,-37.810282967540225,144.9830374534246
5096E,-37.80443374608326,144.95773733427546
9232N,-37.83130988071662,144.96623160662682
11929W,-37.815611651439795,144.9825483658929
1301W,-37.81829199526703,144.95928255861833
13232N,-37.81940787606811,144.94496637047354
13484E,-37.819541770192366,144.95047574201627
1723S,-37.81438924924985,144.97416454685344
13723W,-37.81229556053681,144.93613057699673
2555S,-37.81387885200329,144.96067396601816
2557S,-37.81389608901581,144.96061419972298
C112,-37.80882551351922,144.97187528196002
6588N,-37.80827825641215,144.95969519418622
6044E,-37.80611418666328,144.95221261672373
C2756,-37.80998399916943,144.97010747368216
C9114,-37.798398246403714,144.96471124058147
C1130,-37.81444955808994,144.96044649611338
C8056,-37.810701956479306,144.95165535722757
11707W,-37.810044721260994,144.97272747287184
C13724,-37.82007148125181,144.94298286812057
338E,-37.814337376975075,144.97173227240853
18E,-37.81452914336777,144.9746295520864
4905W,-37.80818616415566,144.9577588871878
12087W,-37.81099085385368,144.98333038070862
57W,-37.810882285196,144.97272256619573
5134E,-37.80304266348515,144.95709170045342
4887W,-37.80840683200015,144.95771997363042
7120N,-37.808202973656115,144.95326759993318
C2838,-37.81054078136737,144.9681946831721
7597S,-37.80534515289085,144.9503473572917
9248N,-37.82878349998097,144.97055814106008
13336E,-37.81662593495585,144.94576907575632
5222E,-37.804727214614225,144.95740550127243
13912E,-37.813905753953854,144.94127258566988
13444E,-37.81916413412791,144.94862454027677
C2658,-37.80964002384852,144.97128242947838
7584N,-37.805591744546966,144.95422564230262
13312N,-37.822240565681255,144.9467610804663
10198E,-37.80357973082905,144.94962510604972
C2860,-37.81064866737597,144.96782792645175
12073W,-37.811372419212454,144.98326684358074
12046E,-37.81233742102261,144.98334238469334
431W,-37.8126430435437,144.970699668958
4852E,-37.809668939997785,144.9583907734873
13209S,-37.81875906655735,144.9478637669606
5072E,-37.80495738619153,144.95797680186286
10336E,-37.80338484629871,144.9439654201119
7572N,-37.80564432646193,144.95469212813896
8633W,-37.825740571238406,144.9622779722531
C830,-37.81116388797592,144.9673469528956
10338E,-37.80342859284304,144.9439571059747
9910N,-37.82555380547966,144.96862198393418
12057W,-37.812153179855024,144.9831362214569
13410E,-37.81931645734676,144.94746494530906
13304N,-37.821797029032545,144.95081395825218
13418E,-37.81978278610938,144.94796145681474
13239S,-37.820021663200286,144.94347321936715
12369S,-37.81013766715739,144.9804022345059
13637W,-37.8200730505486,144.94433782123173
13041S,-37.82124274625488,144.94694655020646
13796E,-37.8123321310828,144.93868744245725
C5568,-37.806394289845365,144.95395860656504
2856N,-37.810555604943644,144.9678236997439
1847S,-37.81881749128829,144.95928018071942
5556E,-37.80648502034824,144.95412608107716
793W,-37.81144071027408,144.96734907583001
742E,-37.81335969196184,144.96847993094025
11726E,-37.80986458310545,144.97298774989667
977W,-37.8186076571405,144.962230274096
C2844,-37.81056562164031,144.96810946043968
79W,-37.809861772782455,144.9722262431551
13617W,-37.81962995415189,144.94356288788055
1916N,-37.81454685704701,144.96949993064857
13667W,-37.82111078040641,144.94535296783442
13464E,-37.820109138850505,144.94866103034985
C7136,-37.8084310108724,144.9527013175193
1451W,-37.81689136912333,144.95583662963546
13725W,-37.812241028768454,144.9360987642752
5066E,-37.80506700905272,144.95802706944522
13659W,-37.81973049734499,144.94524045206688
11503S,-37.811546274948576,144.95312951441932
13681W,-37.82086053022649,144.9461877051497
12364N,-37.81026319397103,144.98285756108538
435W,-37.81254164431585,144.97065238998954
6625S,-37.808520094652366,144.95954463796903
682E,-37.81419687510376,144.96886355574097
C492,-37.81073242980719,144.96995015332328
C826,-37.811210911027004,144.9673683886752
C522,-37.810431959196016,144.96981193720922
C7736,-37.80314610524371,144.95046851427497
C2800,-37.81036428788403,144.9687978547135
C236,-37.81553015751128,144.97215866134673
C6636,-37.80849716973863,144.95928147553542
C6738,-37.80930382167145,144.95704477400298
12085W,-37.81104160311037,144.98332184983352
13203S,-37.8186821024166,144.94812927062526
13687W,-37.8203897398962,144.94606245414275
C13508,-37.81923720387666,144.94587058764475
5282E,-37.80454551135064,144.9574401771439
2843S,-37.81063763930144,144.96821476835882
2694N,-37.80977597001077,144.9704792155941
6672N,-37.80865880458556,144.95837673606894
2882N,-37.810594402848956,144.96769166240483
13697W,-37.819858533470565,144.94592368210786
6253S,-37.807680383913905,144.96640504611318
342E,-37.81428663426061,144.97170877481494
5271W,-37.80449756443136,144.95731746288413
5098E,-37.804412030760886,144.95772746578052
C568,-37.80936488982164,144.96932321495444
C688,-37.814239729403795,144.9687587104906
C13644,-37.81977373071475,144.9440145055217
C13576,-37.81948453280296,144.94501450451153
7680N,-37.803750777016575,144.9567101237099
3323S,-37.808785748142974,144.97048715040614
13222N,-37.818765693558895,144.94716037807027
13032N,-37.82118881864105,144.94398454955126
13635W,-37.82012665834913,144.9443629710079
2795S,-37.81048682110868,144.9687281156743
13665W,-37.82116722967103,144.94536780404178
13619W,-37.819580262591984,144.94354010609712
7660N,-37.80495487459985,144.95670063806827
37W,-37.813925326184936,144.97412948985144
C256,-37.815334878423634,144.97206877950458
7065S,-37.808747963759494,144.95435742622294
C2778,-37.81027818522626,144.9690906886243
7592N,-37.805235248863546,144.9510389304511
C560,-37.80944783807895,144.96936135341883
C588,-37.80898079062021,144.96914699526502
5121W,-37.803410884447096,144.95713839031447
5060E,-37.80514354426124,144.9580620873935
C680,-37.814288525689115,144.96878064119258
2814N,-37.81032823140021,144.96859771982054
C794,-37.81147461774785,144.96748890026228
C814,-37.81133017001849,144.96742283713283
C6826,-37.809458940985735,144.95562381697633
C9016,-37.80286903189891,144.96699877834777
C684,-37.814263499736974,144.9687693934579
2141S,-37.81276844591305,144.97206714143104
C674,-37.81436063676442,144.96881309873692
346E,-37.81423589200209,144.97168527727678
C2858,-37.81063979049269,144.96785828450328
12362N,-37.810256224777866,144.98279457344083
11537S,-37.81205330534351,144.9513360842661
C6400,-37.803750050161455,144.95100527683002
C7002,-37.80930996293084,144.9564026792589
795W,-37.81138739382134,144.96732451137103
10122E,-37.80319151711547,144.948209001216
C8004,-37.81043605646559,144.9526027817319
9447S,-37.830246390335695,144.9659610829001
13610E,-37.8202094306872,144.94395852650013
C152,-37.80854402117862,144.97174607257756
C5610,-37.80729075478993,144.9548972788089
C9142,-37.798424358368734,144.9649562824252
12041W,-37.812567426593496,144.98306706076195
C666,-37.81445232772085,144.96885430889915
C2782,-37.81029443685593,144.96903508348294
C13516,-37.819255595277355,144.94580653889028
C13584,-37.81950281823193,144.94495134353332
C7030,-37.80743645767926,144.9586517320102
13586E,-37.81967337840906,144.942656965409
13612E,-37.82009630817032,144.94390886782145
13230N,-37.81938963907055,144.9450293121314
13331W,-37.81897597221868,144.94840418452947
6621S,-37.808482050941095,144.95967700708283
13699W,-37.81980503575675,144.94590963084886
5286E,-37.804501479243214,144.9574485866193
14004E,-37.79864318789405,144.95790062243958
4380E,-37.80896033857542,144.96084169954412
C2724,-37.809902738808226,144.97038501897038
12485S,-37.812148389710366,144.9775554475019
C512,-37.81054116756757,144.96986215732053
13450E,-37.81932623216136,144.94863069455369
C996,-37.81847630893003,144.96229607330122
13045S,-37.82128409413096,144.94680333651272
1209W,-37.812534937920475,144.95944699590956
10328E,-37.80308929485435,144.94401711125545
10178E,-37.80410451447679,144.94953261336823
12069W,-37.811837810770655,144.98318875471045
2702N,-37.809814651455056,144.97034731797618
13275S,-37.8195258954837,144.94939911353805
13472E,-37.818729567593714,144.94983508237792
13300E,-37.82024227466803,144.94731644690785
13381W,-37.82039783690817,144.95034614816558
13794E,-37.81238796602789,144.9387212494031
13638E,-37.82031363905712,144.94455076769842
9437S,-37.83019364257427,144.96614337816018
770E,-37.81246042749984,144.96806467179186
5264E,-37.804819227606735,144.95738798735076
C2642,-37.80955854387359,144.9715607492468
6661S,-37.808800623522416,144.95857337326385
4829W,-37.810693395619246,144.95861238366172
C6414,-37.803587870184494,144.95103430187015
C308,-37.81471636126032,144.97178060519954
C692,-37.814215967685655,144.9687480312692
C4896,-37.80816675259985,144.95787273150802
C592,-37.80892154574239,144.96911973854142
13328E,-37.816849844941174,144.94586794402903
1736N,-37.81465306134851,144.97306143181544
101W,-37.80825367413996,144.9714848508682
12044E,-37.81240391608255,144.98333221963205
5268E,-37.80477356402564,144.95739668495838
C5452,-37.8075195968963,144.95446934643988
13015S,-37.81996559890353,144.95136180343394
9242N,-37.828757293337546,144.97066021854704
4897W,-37.80828443196043,144.9577415583908
7663S,-37.80407895440538,144.9580197577323
C260,-37.815312019230106,144.9720582827795
C556,-37.80947407663288,144.96937341769063
C696,-37.81419221506229,144.96873735459658
76E,-37.809829786216,144.9723249886706
13308N,-37.821720216417816,144.9511259269456
13244N,-37.81963249537165,144.94418446205015
11967W,-37.814633563679024,144.9827148871453
2337S,-37.811887773314986,144.97150377912513
4881W,-37.80847959387796,144.9577071412308
7019S,-37.80743172163747,144.958993509489
C1050,-37.81805192082413,144.96210144160503
C13540,-37.819317166081575,144.94559338871863
9224N,-37.8312681947811,144.9663736952495
C5888,-37.80495470294585,144.95381007070802
5353W,-37.810139380103976,144.95554654399626
12049W,-37.81236163796506,144.98310130175412
10013S,-37.82370424525747,144.96909350199502
5152E,-37.802770306718415,144.95696523742583
6189W,-37.80664357715815,144.95113798233314
8014E,-37.8296316908518,144.96909856930574
9443S,-37.83022552326346,144.96603319978192
10038N,-37.82320872635445,144.9665668065341
13360E,-37.8220941773177,144.94781133130152
6542N,-37.80783816428981,144.96120669237962
8635W,-37.82572056586781,144.96230144274833
C7040,-37.80748800403958,144.95847501898476
12093W,-37.81083727337871,144.98335547111523
13311W,-37.820363173561155,144.9471606160816
12277S,-37.809730852049114,144.9766813793591
910E,-37.81686270191049,144.96446077170123
5269W,-37.8045527918819,144.95730690243954
C332,-37.8144714738127,144.97166713270482
C6956,-37.80925565808617,144.95607714143563
1775S,-37.81675416607271,144.96609310265694
4895W,-37.808308812158096,144.95773725871962
12393S,-37.81095737776072,144.97681361967463
8666E,-37.82538012541536,144.9628992165224
9902N,-37.825521574825906,144.96873210229083
11898E,-37.810128369623534,144.97839312683675
12397S,-37.81097241306229,144.97695232146523
10001S,-37.82359590266133,144.96947030056916
11895W,-37.810346040763434,144.9781159320223
7582N,-37.80559938943729,144.95429309928642
C204,-37.81577294255895,144.97227090532618
9964N,-37.825966584554884,144.96722519547126
12065W,-37.81194665968286,144.983170719415
C6632,-37.808451484560244,144.95943901312089
C320,-37.814543336975056,144.97170050566083
10324E,-37.80300386158145,144.94403243100396
4886E,-37.80831960404467,144.95802479003814
13339W,-37.81920110348553,144.94841290017197
6195W,-37.80655597392326,144.9510981276398
C7740,-37.803139591402825,144.95041041830297
11705W,-37.81009872553794,144.97271946077262
5150E,-37.80279275879796,144.95697566184566
2847S,-37.81067521356399,144.96808702394173
8340E,-37.82449764884997,144.968462252906
C5706,-37.80606703731353,144.9551160044954
12324N,-37.80981172696171,144.97876035030947
2513S,-37.81096637231569,144.970644307545
6629S,-37.80855847755369,144.95941119429182
907W,-37.81696858501682,144.96430424294147
C104,-37.80887308059522,144.97189713846942
10034N,-37.823230164105695,144.96670537322245
12329S,-37.80999697329351,144.97912144605723
C5878,-37.80507303067749,144.95378898323872
8279W,-37.82701902400846,144.967577424037
5270E,-37.804680914193675,144.95741434067355
7599S,-37.805337957012156,144.9502833511384
8676E,-37.825281622550115,144.9630147684724
C2700,-37.809801075245375,144.97073219991174
13693W,-37.820205576322415,144.94601442769743
12027W,-37.81298169844368,144.98299801712943
13644E,-37.820044010219725,144.94442599996327
8873W,-37.82539182057477,144.9605934088404
9130N,-37.83018372512101,144.9701071555107
9240N,-37.82874702907301,144.97069525467938
12337S,-37.810019208784226,144.97932283012003
11751W,-37.81034399941822,144.97536559551864
11892E,-37.8102798253575,144.97836767996995
698E,-37.813998374769476,144.96877260510848
4914E,-37.807845297756735,144.95810873273874
5278E,-37.804590055885015,144.9574316828521
C672,-37.81438396389365,144.96882358314184
9962N,-37.82595910785781,144.96725084421467
13258N,-37.81991234380872,144.94322369995194
4899W,-37.80826005177225,144.95774585747887
12457S,-37.81202093776077,144.97638779659894
12371S,-37.81014496175858,144.98046793492242
3338N,-37.808895539699066,144.96992985286388
7595S,-37.80535231547115,144.95041134473956
9455S,-37.83028829959621,144.96581624770482
8808E,-37.822855979433115,144.9666629512549
C6606,-37.80838103414533,144.95968216936276
C5650,-37.80671676181945,144.9549998749622
12416N,-37.810863624476255,144.97766052142163
12272N,-37.80964314396953,144.97722020709284
59W,-37.81083130857311,144.97270076103575
C4880,-37.80838047369383,144.95783559678284
C504,-37.81062405953755,144.96990039713612
3317S,-37.80872986517456,144.9706802915757
2686N,-37.809737084182,144.97061109534633
981W,-37.81850604715485,144.96218371225842
12343S,-37.810041338304615,144.97952479602912
13649W,-37.82043069712593,144.94542221902637
13403W,-37.82141258356655,144.951144660865
4854E,-37.809622771054244,144.9583696966298
5574E,-37.806287742291325,144.95403606662254
8474E,-37.825329170262506,144.96689389841308
C798,-37.811425485924566,144.9674662885773
C4874,-37.80853943555114,144.95780820347613
C544,-37.80960950195387,144.9694356837479
12461S,-37.81203633259017,144.97653032572737
4909W,-37.80813753358945,144.95776747376127
12459S,-37.81202871548963,144.97646009491763
3435S,-37.81080726932605,144.9635678636379
8645W,-37.82562053445413,144.96241879899554
7646N,-37.80500159217507,144.95712214565845
C5622,-37.807116019527776,144.9549286868729
10044N,-37.823074065206825,144.96575480120418
11748E,-37.810217965782726,144.97567247174533
C7114,-37.80802812515082,144.95409821879915
C4884,-37.80832687374971,144.95784483851534
12448N,-37.81191814416295,144.97649484309903
11899W,-37.81021238006765,144.97813793678162
787W,-37.81160147807964,144.9674231907233
9310N,-37.82918036665261,144.96920419855763
5062E,-37.80512292678459,144.95805252500634
8711W,-37.82480112622545,144.96335239708915
C8008,-37.81045347387074,144.95254075285288
13028N,-37.82121879659034,144.94410948147316
1660N,-37.8185587774193,144.96332111956585
12351S,-37.81007044174972,144.97979226021312
5086E,-37.804660182853496,144.95783832325398
C208,-37.81575043744711,144.972260682858
C6804,-37.80933435522871,144.95668006230792
C5858,-37.80531069392037,144.9537465349453
73W,-37.81001110348202,144.97229576421626
7573S,-37.80584440198313,144.9548204611726
8710E,-37.82491812382499,144.9634424727504
8670E,-37.82534054312882,144.9629456491959
11877W,-37.811289839058325,144.97795968828729
12373S,-37.81015218404696,144.98053295277685
4875W,-37.80854599423019,144.95769518101102
13415W,-37.81966139349092,144.94976558136528
9906N,-37.825537592433335,144.96867719826153
10032N,-37.823241139532016,144.9667747279144
11754E,-37.81012047365711,144.97568860791415
11700E,-37.810683189049726,144.9729614706876
12353S,-37.81008007183529,144.97988146513688
9912N,-37.82556179815477,144.96859413337523
8338E,-37.82455114774325,144.96844623356418
C240,-37.815507768977135,144.97214818868932
1596N,-37.81580855012353,144.97273098525162
C2668,-37.80967589489478,144.97115990986117
C576,-37.809280248797606,144.96928429945459
9433S,-37.830172902074864,144.96621505573503
7021S,-37.80745546554947,144.9589118922884
9252N,-37.82884197820197,144.9703689037319
C782,-37.81164582074462,144.96756685664866
10017S,-37.82374076105182,144.96896633799759
983W,-37.818455241529456,144.96216043081154
C580,-37.809253586941225,144.96927204066716
5220E,-37.804750377199404,144.95740109574734
551W,-37.809528214028376,144.96927470713732
C212,-37.81572660765647,144.97224999952937
12389S,-37.81094198642221,144.97667300705587
13488E,-37.81965271469275,144.95056196112904
C6876,-37.809368108771785,144.95578935268142
9886N,-37.825457329460356,144.96895222730694
13283S,-37.82130174655896,144.95069008102325
9132N,-37.830188494228366,144.97007596460094
9828N,-37.82507159646341,144.97027343138956
8709W,-37.82483527176442,144.9633124397272
C328,-37.81449552798777,144.97167818511426
8810E,-37.82282589984528,144.96671995665338
5284E,-37.804523445208496,144.9574443922248
6223W,-37.80609163482353,144.95088684776502
